[
null,
{"id":1,"members":[{"enemyId":1,"x":120,"y":436,"hidden":false},{"enemyId":1,"x":264,"y":436,"hidden":false},{"enemyId":1,"x":408,"y":436,"hidden":false},{"enemyId":1,"x":552,"y":436,"hidden":false},{"enemyId":1,"x":696,"y":436,"hidden":false}],"name":"Bat*5","pages":[{"conditions":{"actorHp":50,"actorId":1,"actorValid":false,"enemyHp":50,"enemyIndex":0,"enemyValid":false,"switchId":1,"switchValid":false,"turnA":0,"turnB":0,"turnEnding":false,"turnValid":false},"list":[{"code":0,"indent":0,"parameters":[]}],"span":0}]}
]